{
  "welcomeFile": "/index.html",
  "authenticationMethod": "route",
  "logout": {
    "logoutEndpoint": "/do/logout"
  },
  "routes": [
    {
      "source": "^/api/(.*)$",
      "target": "$1",
      "destination": "OpportunityRisks-srv",
      "authenticationType": "xsuaa",
      "csrfProtection": false
    },
    {
      "source": "^/odata/(.*)$",
      "target": "/odata/$1", 
      "destination": "OpportunityRisks-srv",
      "authenticationType": "xsuaa",
      "csrfProtection": false
    },
    {
      "source": "^(.*)$",
      "target": "$1",
      "service": "html5-apps-repo-rt",
      "authenticationType": "xsuaa"
    }
  ]
}
